{
  "Author": "53m1k0l0n",
  "Name": "LazyLoot",
  "InternalName": "LazyLoot",
  "AssemblyVersion": "5.0.5.0",
  "Description": "Various commands to need, greed, or pass on all loot. Chat and Toast output and delay for rolling.",
  "ApplicableVersion": "any",
  "RepoUrl": "https://github.com/53m1k0l0n/FFXIV-LazyLoot",
  "Tags": [
    "plugin",
    "loot",
    "utility",
    "other"
  ],
  "DalamudApiLevel": 8,
  "LoadRequiredState": 0,
  "LoadSync": false,
  "LoadPriority": 0,
  "IconUrl": "https://raw.githubusercontent.com/53m1k0l0n/FFXIV-LazyLoot/main/LazyLoot/Images/icon.png",
  "Punchline": "Dungeon Loot but Lazy.",
  "Changelog": "Version bump?",
  "AcceptsFeedback": true
}